{
    "$schema": "http://json-schema.org/draft-07/schema#",
    "title": "Comprobante de Retención Electrónica v1",
    "type": "object",
    "properties": {
        "identificacion": {
            "description": "Identificación",
            "type": "object",
            "properties": {
                "version": {
                    "type": "integer",
                    "description": "Versión",
                    "const": 1
                },
                "ambiente": {
                    "type": "string",
                    "description": "Ambiente de destino",
                    "minLength": 2,
                    "maxLength": 2,
                    "enum": [
                        "00",
                        "01"
                    ]
                },
                "tipoDte": {
                    "type": "string",
                    "description": "Tipo de Documento",
                    "const": "07"
                },
                "numeroControl": {
                    "type": "string",
                    "description": "Número de Control",
                    "minLength": 31,
                    "maxLength": 31,
                    "pattern": "^DTE-07-[A-Z0-9]{8}-[0-9]{15}$"
                },
                "codigoGeneracion": {
                    "type": "string",
                    "description": "Código de Generación",
                    "minLength": 36,
                    "maxLength": 36,
                    "pattern": "^[A-F0-9]{8}-[A-F0-9]{4}-[A-F0-9]{4}-[A-F0-9]{4}-[A-F0-9]{12}$"
                },
                "tipoModelo": {
                    "type": "number",
                    "description": "Modelo de Facturación",
                    "const": 1
                },
                "tipoOperacion": {
                    "type": "integer",
                    "description": "Tipo de Transmisión",
                    "const": 1
                },
                "tipoContingencia": {
                    "description": "Tipo de Contingencia",
                    "type": "null"
                },
                "motivoContin": {
                    "description": "Motivo de Contingencia",
                    "type": "null"
                },
                "fecEmi": {
                    "type": "string",
                    "description": "Fecha de Generación",
                    "format": "date"
                },
                "horEmi": {
                    "type": "string",
                    "description": "Hora de Generación",
                    "pattern": "^(0[0-9]|1[0-9]|2[0-3]):[0-5][0-9]:[0-5][0-9]?$"
                },
                "tipoMoneda": {
                    "type": "string",
                    "description": "Tipo de Moneda",
                    "enum": [
                        "USD"
                    ]
                }
            },
            "additionalProperties": false,
            "required": [
                "version",
                "ambiente",
                "tipoDte",
                "numeroControl",
                "codigoGeneracion",
                "tipoModelo",
                "tipoOperacion",
                "tipoContingencia",
                "motivoContin",
                "fecEmi",
                "horEmi",
                "tipoMoneda"
            ]
        },
        "emisor": {
            "type": "object",
            "description": "Emisor",
            "properties": {
                "nit": {
                    "description": "NIT (Emisor)",
                    "type": "string",
                    "pattern": "^([0-9]{14}|[0-9]{9})$"
                },
                "nrc": {
                    "description": "NRC (Emisor)",
                    "type": "string",
                    "pattern": "^[0-9]{1,8}$"
                },
                "nombre": {
                    "type": "string",
                    "description": "Nombre, denominación o razón social del contribuyente (Emisor)",
                    "minLength": 1,
                    "maxLength": 250
                },
                "codActividad": {
                    "type": "string",
                    "description": "Código de Actividad Económica (Emisor)",
                    "pattern": "^[0-9]{5,6}$",
                    "maxLength": 6,
                    "minLength": 5
                },
                "descActividad": {
                    "type": "string",
                    "description": "Actividad Económica (Emisor)",
                    "maxLength": 150,
                    "minLength": 5
                },
                "nombreComercial": {
                    "description": "Nombre Comercial (Emisor)",
                    "type": [
                        "string",
                        "null"
                    ],
                    "minLength": 1,
                    "maxLength": 150
                },
                "tipoEstablecimiento": {
                    "type": "string",
                    "description": "Tipo de establecimiento (Emisor)",
                    "enum": [
                        "01",
                        "02",
                        "04",
                        "20"
                    ]
                },
                "direccion": {
                    "type": "object",
                    "description": "Dirección (Emisor)",
                    "properties": {
                        "departamento": {
                            "type": "string",
                            "description": "Dirección Departamento (Emisor)",
                            "pattern": "^0[1-9]|1[0-4]$"
                        },
                        "municipio": {
                            "type": "string",
                            "description": "Dirección Municipio (Emisor)",
                            "pattern": "^[0-9]{2}$"
                        },
                        "complemento": {
                            "type": "string",
                            "description": "Dirección complemento (Emisor)",
                            "maxLength": 200,
                            "minLength": 5
                        }
                    },
                    "allOf": [
                        {
                            "if": {
                                "properties": {
                                    "departamento": {
                                        "const": "01"
                                    }
                                }
                            },
                            "then": {
                                "properties": {
                                    "municipio": {
                                        "pattern": "^0[1-9]|1[0-2]$"
                                    }
                                }
                            }
                        },
                        {
                            "if": {
                                "properties": {
                                    "departamento": {
                                        "enum": [
                                            "02",
                                            "10"
                                        ]
                                    }
                                }
                            },
                            "then": {
                                "properties": {
                                    "municipio": {
                                        "pattern": "^0[1-9]|1[0-3]$"
                                    }
                                }
                            }
                        },
                        {
                            "if": {
                                "properties": {
                                    "departamento": {
                                        "enum": [
                                            "03",
                                            "07"
                                        ]
                                    }
                                }
                            },
                            "then": {
                                "properties": {
                                    "municipio": {
                                        "pattern": "^0[1-9]|1[0-6]$"
                                    }
                                }
                            }
                        },
                        {
                            "if": {
                                "properties": {
                                    "departamento": {
                                        "const": "04"
                                    }
                                }
                            },
                            "then": {
                                "properties": {
                                    "municipio": {
                                        "pattern": "^0[1-9]|[12][0-9]|3[0-3]$"
                                    }
                                }
                            }
                        },
                        {
                            "if": {
                                "properties": {
                                    "departamento": {
                                        "enum": [
                                            "05",
                                            "08"
                                        ]
                                    }
                                }
                            },
                            "then": {
                                "properties": {
                                    "municipio": {
                                        "pattern": "^0[1-9]|1[0-9]|2[0-2]$"
                                    }
                                }
                            }
                        },
                        {
                            "if": {
                                "properties": {
                                    "departamento": {
                                        "const": "06"
                                    }
                                }
                            },
                            "then": {
                                "properties": {
                                    "municipio": {
                                        "pattern": "^0[1-9]|1[0-9]$"
                                    }
                                }
                            }
                        },
                        {
                            "if": {
                                "properties": {
                                    "departamento": {
                                        "const": "09"
                                    }
                                }
                            },
                            "then": {
                                "properties": {
                                    "municipio": {
                                        "pattern": "^0[1-9]$"
                                    }
                                }
                            }
                        },
                        {
                            "if": {
                                "properties": {
                                    "departamento": {
                                        "const": "11"
                                    }
                                }
                            },
                            "then": {
                                "properties": {
                                    "municipio": {
                                        "pattern": "^0[1-9]|1[0-9]|2[0-3]$"
                                    }
                                }
                            }
                        },
                        {
                            "if": {
                                "properties": {
                                    "departamento": {
                                        "const": "12"
                                    }
                                }
                            },
                            "then": {
                                "properties": {
                                    "municipio": {
                                        "pattern": "^0[1-9]|1[0-9]|20$"
                                    }
                                }
                            }
                        },
                        {
                            "if": {
                                "properties": {
                                    "departamento": {
                                        "const": "13"
                                    }
                                }
                            },
                            "then": {
                                "properties": {
                                    "municipio": {
                                        "pattern": "^0[1-9]|1[0-9]|2[0-6]$"
                                    }
                                }
                            }
                        },
                        {
                            "if": {
                                "properties": {
                                    "departamento": {
                                        "const": "14"
                                    }
                                }
                            },
                            "then": {
                                "properties": {
                                    "municipio": {
                                        "pattern": "^0[1-9]|1[0-8]$"
                                    }
                                }
                            }
                        }
                    ],
                    "additionalProperties": false,
                    "required": [
                        "departamento",
                        "municipio",
                        "complemento"
                    ]
                },
                "telefono": {
                    "type": [
                        "string",
                        "null"
                    ],
                    "description": "Teléfono (Emisor)",
                    "minLength": 8,
                    "maxLength": 30,
                    "pattern": "^[A-Z0-9]{8,30}$"
                },
                "codigoMH": {
                    "description": "Código del establecimiento asignado por el MH",
                    "type": [
                        "string",
                        "null"
                    ],
                    "maxLength": 4,
                    "minLength": 4
                },
                "codigo": {
                    "description": "Código del establecimiento asignado por el contribuyente",
                    "type": [
                        "string",
                        "null"
                    ],
                    "maxLength": 4,
                    "minLength": 4
                },
                "puntoVentaMH": {
                    "description": "Código del Punto de Venta (Emisor) Asignado por el MH",
                    "type": [
                        "string",
                        "null"
                    ],
                    "maxLength": 4,
                    "minLength": 4
                },
                "puntoVenta": {
                    "description": "Código del Punto de Venta (Emisor) asignado por el contribuyente",
                    "type": [
                        "string",
                        "null"
                    ],
                    "maxLength": 15,
                    "minLength": 1
                },
                "correo": {
                    "type": "string",
                    "description": "Correo electrónico (Emisor)",
                    "format": "email",
                    "maxLength": 100,
                    "minLength": 3
                }
            },
            "additionalProperties": false,
            "required": [
                "nit",
                "nrc",
                "nombre",
                "codActividad",
                "descActividad",
                "tipoEstablecimiento",
                "direccion",
                "telefono",
                "correo"
            ]
        },
        "receptor": {
            "type": "object",
            "description": "Receptor",
            "properties": {
                "tipoDocumento": {
                    "type": "string",
                    "description": "Tipo de documento de identificación (Receptor)",
                    "enum": [
                        "36",
                        "13",
                        "37",
                        "03",
                        "02"
                    ]
                },
                "numDocumento": {
                    "type": "string",
                    "description": "Número de documento de Identificación (Receptor)",
                    "minLength": 3,
                    "maxLength": 20
                },
                "nrc": {
                    "type": [
                        "string",
                        "null"
                    ],
                    "description": "NRC (Receptor)",
                    "maxLength": 8,
                    "minLength": 2,
                    "pattern": "^[0-9]{1,8}$"
                },
                "nombre": {
                    "type": "string",
                    "description": "Nombre, denominación o razón social del contribuyente (Receptor)",
                    "maxLength": 250,
                    "minLength": 1
                },
                "codActividad": {
                    "type": "string",
                    "description": "Código de Actividad Económica (Receptor)",
                    "pattern": "^[0-9]{5,6}$"
                },
                "descActividad": {
                    "type": "string",
                    "description": "Actividad Económica (Receptor)",
                    "maxLength": 150,
                    "minLength": 5
                },
                "nombreComercial": {
                    "description": "Nombre Comercial (Receptor)",
                    "type": [
                        "string",
                        "null"
                    ],
                    "maxLength": 150,
                    "minLength": 1
                },
                "direccion": {
                    "type": "object",
                    "description": "Dirección (Receptor)",
                    "properties": {
                        "departamento": {
                            "type": "string",
                            "description": "Dirección: Departamento (Receptor)",
                            "pattern": "^0[1-9]|1[0-4]$",
                            "minLength": 2,
                            "maxLength": 2
                        },
                        "municipio": {
                            "type": "string",
                            "description": "Dirección: Municipio (Receptor)",
                            "pattern": "^[0-9]{2}$"
                        },
                        "complemento": {
                            "type": "string",
                            "description": "Dirección: complemento (Receptor)",
                            "maxLength": 200,
                            "minLength": 5
                        }
                    },
                    "allOf": [
                        {
                            "if": {
                                "properties": {
                                    "departamento": {
                                        "const": "01"
                                    }
                                }
                            },
                            "then": {
                                "properties": {
                                    "municipio": {
                                        "pattern": "^0[1-9]|1[0-2]$"
                                    }
                                }
                            }
                        },
                        {
                            "if": {
                                "properties": {
                                    "departamento": {
                                        "enum": [
                                            "02",
                                            "10"
                                        ]
                                    }
                                }
                            },
                            "then": {
                                "properties": {
                                    "municipio": {
                                        "pattern": "^0[1-9]|1[0-3]$"
                                    }
                                }
                            }
                        },
                        {
                            "if": {
                                "properties": {
                                    "departamento": {
                                        "enum": [
                                            "03",
                                            "07"
                                        ]
                                    }
                                }
                            },
                            "then": {
                                "properties": {
                                    "municipio": {
                                        "pattern": "^0[1-9]|1[0-6]$"
                                    }
                                }
                            }
                        },
                        {
                            "if": {
                                "properties": {
                                    "departamento": {
                                        "const": "04"
                                    }
                                }
                            },
                            "then": {
                                "properties": {
                                    "municipio": {
                                        "pattern": "^0[1-9]|[12][0-9]|3[0-3]$"
                                    }
                                }
                            }
                        },
                        {
                            "if": {
                                "properties": {
                                    "departamento": {
                                        "enum": [
                                            "05",
                                            "08"
                                        ]
                                    }
                                }
                            },
                            "then": {
                                "properties": {
                                    "municipio": {
                                        "pattern": "^0[1-9]|1[0-9]|2[0-2]$"
                                    }
                                }
                            }
                        },
                        {
                            "if": {
                                "properties": {
                                    "departamento": {
                                        "const": "06"
                                    }
                                }
                            },
                            "then": {
                                "properties": {
                                    "municipio": {
                                        "pattern": "^0[1-9]|1[0-9]$"
                                    }
                                }
                            }
                        },
                        {
                            "if": {
                                "properties": {
                                    "departamento": {
                                        "const": "09"
                                    }
                                }
                            },
                            "then": {
                                "properties": {
                                    "municipio": {
                                        "pattern": "^0[1-9]$"
                                    }
                                }
                            }
                        },
                        {
                            "if": {
                                "properties": {
                                    "departamento": {
                                        "const": "11"
                                    }
                                }
                            },
                            "then": {
                                "properties": {
                                    "municipio": {
                                        "pattern": "^0[1-9]|1[0-9]|2[0-3]$"
                                    }
                                }
                            }
                        },
                        {
                            "if": {
                                "properties": {
                                    "departamento": {
                                        "const": "12"
                                    }
                                }
                            },
                            "then": {
                                "properties": {
                                    "municipio": {
                                        "pattern": "^0[1-9]|1[0-9]|20$"
                                    }
                                }
                            }
                        },
                        {
                            "if": {
                                "properties": {
                                    "departamento": {
                                        "const": "13"
                                    }
                                }
                            },
                            "then": {
                                "properties": {
                                    "municipio": {
                                        "pattern": "^0[1-9]|1[0-9]|2[0-6]$"
                                    }
                                }
                            }
                        },
                        {
                            "if": {
                                "properties": {
                                    "departamento": {
                                        "const": "14"
                                    }
                                }
                            },
                            "then": {
                                "properties": {
                                    "municipio": {
                                        "pattern": "^0[1-9]|1[0-8]$"
                                    }
                                }
                            }
                        }
                    ],
                    "additionalProperties": false,
                    "required": [
                        "departamento",
                        "municipio",
                        "complemento"
                    ]
                },
                "telefono": {
                    "type": [
                        "string",
                        "null"
                    ],
                    "description": "Teléfono (Receptor)",
                    "minLength": 8,
                    "maxLength": 30,
                    "pattern": "^[0-9+;]{8,30}$"
                },
                "correo": {
                    "type": "string",
                    "description": "Correo electrónico (Receptor)",
                    "format": "email",
                    "maxLength": 100
                }
            },
            "allOf": [
                {
                    "if": {
                        "properties": {
                            "tipoDocumento": {
                                "const": "36"
                            }
                        }
                    },
                    "then": {
                        "properties": {
                            "numDocumento": {
                                "pattern": "^([0-9]{14}|[0-9]{9})$"
                            }
                        }
                    }
                },
                {
                    "if": {
                        "properties": {
                            "tipoDocumento": {
                                "const": "13"
                            }
                        }
                    },
                    "then": {
                        "properties": {
                            "numDocumento": {
                                "pattern": "^[0-9]{9}$"
                            }
                        }
                    }
                },
                {
                    "if": {
                        "properties": {
                            "tipoDocumento": {
                                "const": "36"
                            }
                        }
                    },
                    "then": {
                        "properties": {
                            "nrc": {
                                "pattern": "^[0-9]{1,8}$"
                            }
                        }
                    }
                }
            ],
            "additionalProperties": false,
            "required": [
                "tipoDocumento",
                "numDocumento",
                "codActividad",
                "descActividad",
                "nrc",
                "nombre"
            ]
        },
        "cuerpoDocumento": {
            "type": "array",
            "description": "Cuerpo del Documento",
            "items": {
                "type": "object",
                "properties": {
                    "numItem": {
                        "type": "integer",
                        "description": "N° de ítem",
                        "minimum": 1,
                        "maximum": 500
                    },
                    "tipoDte": {
                        "type": "string",
                        "description": "Tipo de Documento Tributario Relacionado",
                        "enum": [
                            "14",
                            "03",
                            "01"
                        ]
                    },
                    "tipoDoc": {
                        "type": "integer",
                        "description": "Tipo de generación del documento",
                        "enum": [
                            1,
                            2
                        ]
                    },
                    "numDocumento": {
                        "description": "Número de documento relacionado",
                        "type": "string"
                    },
                    "fechaEmision": {
                        "description": "Fecha de generación del  relacionado",
                        "type": "string",
                        "format": "date"
                    },
                    "montoSujetoGrav": {
                        "type": "number",
                        "description": "Monto Sujeto a retención",
                        "minimum": 1,
                        "exclusiveMaximum": 100000000000,
                        "multipleOf": 0.01
                    },
                    "codigoRetencionMH": {
                        "type": "string",
                        "description": "Código retención MH",
                        "enum": [
                            "22",
                            "C4",
                            "C9"
                        ]
                    },
                    "ivaRetenido": {
                        "type": "number",
                        "description": "IVA Retenido",
                        "minimum": 0.01,
                        "exclusiveMaximum": 100000000000,
                        "multipleOf": 0.01
                    },
                    "descripcion": {
                        "type": "string",
                        "description": "Descripción",
                        "maxLength": 1000
                    }
                },
                "allOf": [
                    {
                        "if": {
                            "properties": {
                                "tipoDoc": {
                                    "const": 1
                                }
                            }
                        },
                        "then": {
                            "properties": {
                                "codGeneracion": {
                                    "pattern": "^[a-zA-Z0-9]{1,20}$"
                                }
                            }
                        }
                    },
                    {
                        "if": {
                            "properties": {
                                "tipoDoc": {
                                    "const": 2
                                }
                            }
                        },
                        "then": {
                            "properties": {
                                "codGeneracion": {
                                    "pattern": "^[A-F0-9]{8}-[A-F0-9]{4}-[A-F0-9]{4}-[A-F0-9]{4}-[A-F0-9]{12}$"
                                }
                            }
                        }
                    }
                ],
                "additionalProperties": false,
                "required": [
                    "numItem",
                    "tipoDte",
                    "tipoDoc",
                    "numDocumento",
                    "fechaEmision",
                    "montoSujetoGrav",
                    "codigoRetencionMH",
                    "ivaRetenido"
                ]
            },
            "minItems": 1,
            "maxItems": 500
        },
        "resumen": {
            "type": "object",
            "description": "Resumen",
            "properties": {
                "totalSujetoRetencion": {
                    "type": "number",
                    "description": "Total Monto Sujeto a retención",
                    "minimum": 0,
                    "exclusiveMaximum": 100000000000,
                    "multipleOf": 0.01
                },
                "totalIVAretenido": {
                    "type": "number",
                    "description": "Total IVA Retenido",
                    "minimum": 0,
                    "exclusiveMaximum": 100000000000,
                    "multipleOf": 0.01
                },
                "totalIVAretenidoLetras": {
                    "type": "string",
                    "description": "Valor en letras",
                    "maxLength": 200
                }
            },
            "additionalProperties": false,
            "required": [
                "totalSujetoRetencion",
                "totalIVAretenido",
                "totalIVAretenidoLetras"
            ]
        },
        "extension": {
            "type": ["object","null"],
            "description": "Extensión",
            "properties": {
                "nombEntrega": {
                    "description": "Nombre del responsable que Genera el DTE",
                    "type": [
                        "string",
                        "null"
                    ],
                    "maxLength": 100,
                    "minLength": 5
                },
                "docuEntrega": {
                    "description": "Documento de identificación de quien genera el DTE",
                    "type": [
                        "string",
                        "null"
                    ],
                    "maxLength": 25,
                    "minLength": 5
                },
                "nombRecibe": {
                    "description": "Nombre del responsable de la operación por parte del receptor",
                    "type": [
                        "string",
                        "null"
                    ],
                    "maxLength": 100,
                    "minLength": 5
                },
                "docuRecibe": {
                    "description": "Documento de identificación del responsable de la operación por parte del receptor",
                    "type": [
                        "string",
                        "null"
                    ],
                    "maxLength": 25,
                    "minLength": 5
                },
                "observaciones": {
                    "description": "Observaciones",
                    "type": [
                        "string",
                        "null"
                    ],
                    "maxLength": 3000
                }
            },
            "additionalProperties": false
        },
        "apendice": {
            "description": "Apéndice",
            "type": [
                "array",
                "null"
            ],
            "items": {
                "type": "object",
                "properties": {
                    "campo": {
                        "type": "string",
                        "description": "Nombre del campo",
                        "maxLength": 25,
                        "minLength": 2
                    },
                    "etiqueta": {
                        "type": "string",
                        "description": "Descripción",
                        "maxLength": 50,
                        "minLength": 3
                    },
                    "valor": {
                        "type": "string",
                        "description": "Valor/Dato",
                        "maxLength": 150,
                        "minLength": 1
                    }
                },
                "additionalProperties": false
            },
            "minItems": 1,
            "maxItems": 10
        }
    },
    "additionalProperties": false,
    "required": [
        "identificacion",
        "emisor",
        "receptor",
        "cuerpoDocumento",
        "resumen"
    ]
}