{
    "$schema": "http://json-schema.org/draft-07/schema#",
    "title" : "Comprobante de Donación Electrónica v1",
    "type" : "object",
    "properties" : {
        "identificacion" : {
            "description" : "Identificación",
            "type" : "object",
            "properties" : {
                "version" : {
                    "type" : "integer",
                    "description" : "Versión",
                    "const" : 1
                },
                "ambiente" : {
                    "type" : "string",
                    "description" : "Ambiente de destino",
                    "enum" : [
                        "00",
                        "01"
                    ]
                },
                "tipoDte" : {
                    "type" : "string",
                    "description" : "Tipo de Documento",
                    "const" : "15"
                },
                "numeroControl" : {
                    "type" : "string",
                    "description" : "Número de Control",
                    "maxLength" : 31,
                    "minLength" : 31,
                    "pattern" : "^DTE-15-[A-Z0-9]{8}-[0-9]{15}$"
                },
                "codigoGeneracion" : {
                    "type" : "string",
                    "description" : "Código de Generación",
                    "maxLength" : 36,
                    "minLength" : 36,
                    "pattern" : "^[A-F0-9]{8}-[A-F0-9]{4}-[A-F0-9]{4}-[A-F0-9]{4}-[A-F0-9]{12}$"
                },
                "tipoModelo" : {
                    "type" : "number",
                    "description" : "Modelo de Facturación",
                    "enum" : [
                        1
                    ]
                },
                "tipoOperacion" : {
                    "type" : "integer",
                    "description" : "Tipo de Transmisión",
                    "const" : 1
                },
                "fecEmi" : {
                    "type" : "string",
                    "description" : "Fecha de Generación",
                    "format" : "date"
                },
                "horEmi" : {
                    "type" : "string",
                    "description" : "Hora de Generación",
                    "pattern" : "^(0[0-9]|1[0-9]|2[0-3]):[0-5][0-9]:[0-5][0-9]?$"
                },
                "tipoMoneda" : {
                    "type" : "string",
                    "description" : "Tipo de Moneda",
                    "enum" : [
                        "USD"
                    ]
                }
            },
            "additionalProperties" : false,
            "required" : [
                "version",
                "ambiente",
                "tipoDte",
                "numeroControl",
                "codigoGeneracion",
                "tipoModelo",
                "tipoOperacion",
                "fecEmi",
                "horEmi",
                "tipoMoneda"
            ]
        },
        "donatario" : {
            "type" : "object",
            "description" : "Emisor",
            "properties" : {
                "tipoDocumento" : {
                    "type" : "string",
                    "description" : "Tipo de documento de identificación (Emisor) ",
                    "enum" : [
                        "36"
                    ]
                },
                "numDocumento" : {
                    "type" : "string",
                    "description" : "Número de documento de Identificación (Emisor)",
                    "minLength" : 9,
                    "maxLength" : 14
                },
                "nrc" : {
                    "description" : "NRC (Emisor)",
                    "type" : [
                        "string",
                        "null"
                    ],
                    "pattern" : "^[0-9]{1,8}$",
                    "minLength" : 2,
                    "maxLength" : 8
                },
                "nombre" : {
                    "type" : "string",
                    "description" : "Nombre, denominación o razón social del contribuyente (Emisor)",
                    "maxLength" : 250,
                    "minLength" : 1
                },
                "codActividad" : {
                    "type" : "string",
                    "description" : "Código de Actividad Económica (Emisor)",
                    "pattern" : "^[0-9]{2,6}$",
                    "maxLength" : 6,
                    "minLength" : 1
                },
                "descActividad" : {
                    "type" : "string",
                    "description" : "Actividad Económica (Emisor)",
                    "maxLength" : 150,
                    "minLength" : 1
                },
                "nombreComercial" : {
                    "description" : "Nombre Comercial (Emisor)",
                    "type" : [
                        "string",
                        "null"
                    ],
                    "maxLength" : 150,
                    "minLength" : 1
                },
                "tipoEstablecimiento" : {
                    "type" : "string",
                    "description" : "Tipo de establecimiento (Emisor)",
                    "enum" : [
                        "01",
                        "02",
                        "04",
                        "07",
                        "20"
                    ]
                },
                "direccion" : {
                    "type" : "object",
                    "description" : "Dirección (Emisor)",
                    "properties" : {
                        "departamento" : {
                            "type" : "string",
                            "description" : "Dirección Departamento (Emisor)",
                            "pattern" : "^0[1-9]|1[0-4]$"
                        },
                        "municipio" : {
                            "type" : "string",
                            "description" : "Dirección Municipio (Emisor)",
                            "pattern" : "^[0-9]{2}$"
                        },
                        "complemento" : {
                            "type" : "string",
                            "description" : "Dirección complemento (Emisor)",
                            "maxLength" : 200,
                            "minLength" : 1
                        }
                    },
                    "allOf" : [
                        {
                            "if" : {
                                "properties" : {
                                    "departamento" : {
                                        "const" : "01"
                                    }
                                }
                            },
                            "then" : {
                                "properties" : {
                                    "municipio" : {
                                        "pattern" : "^0[1-9]|1[0-2]$"
                                    }
                                }
                            }
                        },
                        {
                            "if" : {
                                "properties" : {
                                    "departamento" : {
                                        "enum" : [
                                            "02",
                                            "10"
                                        ]
                                    }
                                }
                            },
                            "then" : {
                                "properties" : {
                                    "municipio" : {
                                        "pattern" : "^0[1-9]|1[0-3]$"
                                    }
                                }
                            }
                        },
                        {
                            "if" : {
                                "properties" : {
                                    "departamento" : {
                                        "enum" : [
                                            "03",
                                            "07"
                                        ]
                                    }
                                }
                            },
                            "then" : {
                                "properties" : {
                                    "municipio" : {
                                        "pattern" : "^0[1-9]|1[0-6]$"
                                    }
                                }
                            }
                        },
                        {
                            "if" : {
                                "properties" : {
                                    "departamento" : {
                                        "const" : "04"
                                    }
                                }
                            },
                            "then" : {
                                "properties" : {
                                    "municipio" : {
                                        "pattern" : "^0[1-9]|[12][0-9]|3[0-3]$"
                                    }
                                }
                            }
                        },
                        {
                            "if" : {
                                "properties" : {
                                    "departamento" : {
                                        "enum" : [
                                            "05",
                                            "08"
                                        ]
                                    }
                                }
                            },
                            "then" : {
                                "properties" : {
                                    "municipio" : {
                                        "pattern" : "^0[1-9]|1[0-9]|2[0-2]$"
                                    }
                                }
                            }
                        },
                        {
                            "if" : {
                                "properties" : {
                                    "departamento" : {
                                        "const" : "06"
                                    }
                                }
                            },
                            "then" : {
                                "properties" : {
                                    "municipio" : {
                                        "pattern" : "^0[1-9]|1[0-9]$"
                                    }
                                }
                            }
                        },
                        {
                            "if" : {
                                "properties" : {
                                    "departamento" : {
                                        "const" : "09"
                                    }
                                }
                            },
                            "then" : {
                                "properties" : {
                                    "municipio" : {
                                        "pattern" : "^0[1-9]$"
                                    }
                                }
                            }
                        },
                        {
                            "if" : {
                                "properties" : {
                                    "departamento" : {
                                        "const" : "11"
                                    }
                                }
                            },
                            "then" : {
                                "properties" : {
                                    "municipio" : {
                                        "pattern" : "^0[1-9]|1[0-9]|2[0-3]$"
                                    }
                                }
                            }
                        },
                        {
                            "if" : {
                                "properties" : {
                                    "departamento" : {
                                        "const" : "12"
                                    }
                                }
                            },
                            "then" : {
                                "properties" : {
                                    "municipio" : {
                                        "pattern" : "^0[1-9]|1[0-9]|20$"
                                    }
                                }
                            }
                        },
                        {
                            "if" : {
                                "properties" : {
                                    "departamento" : {
                                        "const" : "13"
                                    }
                                }
                            },
                            "then" : {
                                "properties" : {
                                    "municipio" : {
                                        "pattern" : "^0[1-9]|1[0-9]|2[0-6]$"
                                    }
                                }
                            }
                        },
                        {
                            "if" : {
                                "properties" : {
                                    "departamento" : {
                                        "const" : "14"
                                    }
                                }
                            },
                            "then" : {
                                "properties" : {
                                    "municipio" : {
                                        "pattern" : "^0[1-9]|1[0-8]$"
                                    }
                                }
                            }
                        }
                    ],
                    "additionalProperties" : false,
                    "required" : [
                        "departamento",
                        "municipio",
                        "complemento"
                    ]
                },
                "telefono" : {
                    "type" : "string",
                    "description" : "Teléfono (Emisor)",
                    "minLength" : 8,
                    "maxLength" : 30
                },
                "correo" : {
                    "type" : "string",
                    "description" : "Correo electrónico (Emisor)",
                    "format" : "email",
                    "maxLength" : 100,
                    "minLength" : 3
                },
                "codEstableMH" : {
                    "description" : "Código del establecimiento asignado por el MH",
                    "type" : [
                        "string",
                        "null"
                    ],
                    "maxLength" : 4,
                    "minLength" : 4
                },
                "codEstable" : {
                    "description" : "Código del establecimiento asignado por el contribuyente",
                    "type" : [
                        "string",
                        "null"
                    ],
                    "minLength" : 4,
                    "maxLength" : 4
                },
                "codPuntoVentaMH" : {
                    "description" : "Código del Punto de Venta (Emisor) Asignado por el MH",
                    "type" : [
                        "string",
                        "null"
                    ],
                    "maxLength" : 4,
                    "minLength" : 4
                },
                "codPuntoVenta" : {
                    "description" : "Código del Punto de Venta (Emisor) asignado por el contribuyente",
                    "type" : [
                        "string",
                        "null"
                    ],
                    "maxLength" : 15,
                    "minLength" : 1
                }
            },
            "additionalProperties" : false,
            "required" : [
                "tipoDocumento",
                "numDocumento",
                "nombre",
                "codActividad",
                "descActividad",
                "tipoEstablecimiento",
                "direccion",
                "telefono",
                "correo"
            ]
        },
        "donante" : {
            "type" : [
                "object"
            ],
            "description" : "Receptor",
            "properties" : {
                "tipoDocumento" : {
                    "type" : "string",
                    "description" : "Tipo de documento de identificación (Receptor)",
                    "enum" : [
                        "36",
                        "13",
                        "02",
                        "03",
                        "37"
                    ]
                },
                "numDocumento" : {
                    "type" : "string",
                    "description" : "Número de documento de Identificación (Receptor)",
                    "minLength" : 3,
                    "maxLength" : 20
                },
                "nrc" : {
                    "type" : [
                        "string",
                        "null"
                    ],
                    "description" : "NRC (Receptor)",
                    "pattern" : "^[0-9]{1,8}$",
                    "minLength" : 2,
                    "maxLength" : 8
                },
                "nombre" : {
                    "type" : "string",
                    "description" : "Nombre, denominación o razón social del contribuyente (Receptor)",
                    "maxLength" : 250,
                    "minLength" : 1
                },
                "codActividad" : {
                    "type" : [
                        "string",
                        "null"
                    ],
                    "description" : "Código de Actividad Económica (Receptor)",
                    "pattern" : "^[0-9]{2,6}$",
                    "maxLength" : 6,
                    "minLength" : 1
                },
                "descActividad" : {
                    "type" : [
                        "string",
                        "null"
                    ],
                    "description" : "Actividad Económica (Receptor)",
                    "maxLength" : 150,
                    "minLength" : 1
                },
                "direccion" : {
                    "type" : [
                        "null",
                        "object"
                    ],
                    "description" : "Dirección (Receptor)",
                    "properties" : {
                        "departamento" : {
                            "type" : "string",
                            "description" : "Dirección: Departamento (Receptor)",
                            "pattern" : "^0[1-9]|1[0-4]$"
                        },
                        "municipio" : {
                            "type" : "string",
                            "description" : "Dirección: Municipio (Receptor)",
                            "pattern" : "^[0-9]{2}$"
                        },
                        "complemento" : {
                            "type" : "string",
                            "description" : "Dirección: complemento (Receptor)",
                            "maxLength" : 200,
                            "minLength" : 1
                        }
                    },
                    "allOf" : [
                        {
                            "if" : {
                                "properties" : {
                                    "departamento" : {
                                        "const" : "01"
                                    }
                                }
                            },
                            "then" : {
                                "properties" : {
                                    "municipio" : {
                                        "pattern" : "^0[1-9]|1[0-2]$"
                                    }
                                }
                            }
                        },
                        {
                            "if" : {
                                "properties" : {
                                    "departamento" : {
                                        "enum" : [
                                            "02",
                                            "10"
                                        ]
                                    }
                                }
                            },
                            "then" : {
                                "properties" : {
                                    "municipio" : {
                                        "pattern" : "^0[1-9]|1[0-3]$"
                                    }
                                }
                            }
                        },
                        {
                            "if" : {
                                "properties" : {
                                    "departamento" : {
                                        "enum" : [
                                            "03",
                                            "07"
                                        ]
                                    }
                                }
                            },
                            "then" : {
                                "properties" : {
                                    "municipio" : {
                                        "pattern" : "^0[1-9]|1[0-6]$"
                                    }
                                }
                            }
                        },
                        {
                            "if" : {
                                "properties" : {
                                    "departamento" : {
                                        "const" : "04"
                                    }
                                }
                            },
                            "then" : {
                                "properties" : {
                                    "municipio" : {
                                        "pattern" : "^0[1-9]|[12][0-9]|3[0-3]$"
                                    }
                                }
                            }
                        },
                        {
                            "if" : {
                                "properties" : {
                                    "departamento" : {
                                        "enum" : [
                                            "05",
                                            "08"
                                        ]
                                    }
                                }
                            },
                            "then" : {
                                "properties" : {
                                    "municipio" : {
                                        "pattern" : "^0[1-9]|1[0-9]|2[0-2]$"
                                    }
                                }
                            }
                        },
                        {
                            "if" : {
                                "properties" : {
                                    "departamento" : {
                                        "const" : "06"
                                    }
                                }
                            },
                            "then" : {
                                "properties" : {
                                    "municipio" : {
                                        "pattern" : "^0[1-9]|1[0-9]$"
                                    }
                                }
                            }
                        },
                        {
                            "if" : {
                                "properties" : {
                                    "departamento" : {
                                        "const" : "09"
                                    }
                                }
                            },
                            "then" : {
                                "properties" : {
                                    "municipio" : {
                                        "pattern" : "^0[1-9]$"
                                    }
                                }
                            }
                        },
                        {
                            "if" : {
                                "properties" : {
                                    "departamento" : {
                                        "const" : "11"
                                    }
                                }
                            },
                            "then" : {
                                "properties" : {
                                    "municipio" : {
                                        "pattern" : "^0[1-9]|1[0-9]|2[0-3]$"
                                    }
                                }
                            }
                        },
                        {
                            "if" : {
                                "properties" : {
                                    "departamento" : {
                                        "const" : "12"
                                    }
                                }
                            },
                            "then" : {
                                "properties" : {
                                    "municipio" : {
                                        "pattern" : "^0[1-9]|1[0-9]|20$"
                                    }
                                }
                            }
                        },
                        {
                            "if" : {
                                "properties" : {
                                    "departamento" : {
                                        "const" : "13"
                                    }
                                }
                            },
                            "then" : {
                                "properties" : {
                                    "municipio" : {
                                        "pattern" : "^0[1-9]|1[0-9]|2[0-6]$"
                                    }
                                }
                            }
                        },
                        {
                            "if" : {
                                "properties" : {
                                    "departamento" : {
                                        "const" : "14"
                                    }
                                }
                            },
                            "then" : {
                                "properties" : {
                                    "municipio" : {
                                        "pattern" : "^0[1-9]|1[0-8]$"
                                    }
                                }
                            }
                        }
                    ],
                    "additionalProperties" : false,
                    "required" : [
                        "departamento",
                        "municipio",
                        "complemento"
                    ]
                },
                "telefono" : {
                    "type" : [
                        "null",
                        "string"
                    ],
                    "description" : "Teléfono (Receptor)",
                    "minLength" : 8,
                    "maxLength" : 30
                },
                "correo" : {
                    "type" : [
                        "null",
                        "string"
                    ],
                    "description" : "Correo electrónico (Receptor)",
                    "format" : "email",
                    "maxLength" : 100
                },
                "codDomiciliado" : {
                    "type" : "integer",
                    "description" : "Domicilio Fiscal",
                    "enum" : [
                        1,
                        2
                    ]
                },
                "codPais" : {
                    "type" : "string",
                    "description" : "Codigo de Pais, catalogo 020",
                    "enum" : [
                        "9320",
                        "9539",
                        "9565",
                        "9905",
                        "9999",
                        "9303",
                        "9306",
                        "9309",
                        "9310",
                        "9315",
                        "9317",
                        "9318",
                        "9319",
                        "9324",
                        "9327",
                        "9330",
                        "9333",
                        "9336",
                        "9339",
                        "9342",
                        "9345",
                        "9348",
                        "9349",
                        "9350",
                        "9354",
                        "9357",
                        "9360",
                        "9363",
                        "9366",
                        "9372",
                        "9374",
                        "9375",
                        "9377",
                        "9378",
                        "9381",
                        "9384",
                        "9387",
                        "9390",
                        "9393",
                        "9394",
                        "9396",
                        "9399",
                        "9402",
                        "9405",
                        "9408",
                        "9411",
                        "9414",
                        "9417",
                        "9420",
                        "9423",
                        "9426",
                        "9432",
                        "9435",
                        "9438",
                        "9440",
                        "9441",
                        "9444",
                        "9446",
                        "9447",
                        "9450",
                        "9453",
                        "9456",
                        "9459",
                        "9462",
                        "9465",
                        "9468",
                        "9471",
                        "9474",
                        "9477",
                        "9480",
                        "9481",
                        "9483",
                        "9486",
                        "9487",
                        "9495",
                        "9498",
                        "9501",
                        "9504",
                        "9507",
                        "9513",
                        "9516",
                        "9519",
                        "9522",
                        "9525",
                        "9526",
                        "9528",
                        "9531",
                        "9534",
                        "9537",
                        "9540",
                        "9543",
                        "9544",
                        "9546",
                        "9549",
                        "9552",
                        "9555",
                        "9558",
                        "9561",
                        "9564",
                        "9567",
                        "9570",
                        "9573",
                        "9576",
                        "9577",
                        "9582",
                        "9585",
                        "9591",
                        "9594",
                        "9597",
                        "9600",
                        "9601",
                        "9603",
                        "9606",
                        "9609",
                        "9611",
                        "9612",
                        "9615",
                        "9618",
                        "9621",
                        "9624",
                        "9627",
                        "9633",
                        "9636",
                        "9638",
                        "9639",
                        "9642",
                        "9645",
                        "9648",
                        "9651",
                        "9660",
                        "9663",
                        "9666",
                        "9669",
                        "9672",
                        "9675",
                        "9677",
                        "9678",
                        "9679",
                        "9680",
                        "9681",
                        "9682",
                        "9683",
                        "9684",
                        "9687",
                        "9690",
                        "9691",
                        "9693",
                        "9696",
                        "9699",
                        "9702",
                        "9705",
                        "9706",
                        "9707",
                        "9708",
                        "9714",
                        "9717",
                        "9720",
                        "9722",
                        "9723",
                        "9725",
                        "9726",
                        "9727",
                        "9729",
                        "9732",
                        "9735",
                        "9738",
                        "9739",
                        "9740",
                        "9741",
                        "9744",
                        "9747",
                        "9750",
                        "9756",
                        "9758",
                        "9759",
                        "9760",
                        "9850",
                        "9862",
                        "9863",
                        "9865",
                        "9886",
                        "9898",
                        "9899",
                        "9897",
                        "9887",
                        "9571",
                        "9300",
                        "9369",
                        "9439",
                        "9510",
                        "9579",
                        "9654",
                        "9711",
                        "9736",
                        "9737",
                        "9640",
                        "9641",
                        "9673",
                        "9472",
                        "9311",
                        "9733",
                        "9541",
                        "9746",
                        "9551",
                        "9451",
                        "9338",
                        "9353",
                        "9482",
                        "9494",
                        "9524",
                        "9304",
                        "9332",
                        "9454",
                        "9457",
                        "9489",
                        "9491",
                        "9492",
                        "9523",
                        "9530",
                        "9532",
                        "9535",
                        "9542",
                        "9547",
                        "9548",
                        "9574",
                        "9598",
                        "9602",
                        "9607",
                        "9608",
                        "9623",
                        "9652",
                        "9692",
                        "9709",
                        "9712",
                        "9716",
                        "9718",
                        "9719",
                        "9751",
                        "9452",
                        "9901",
                        "9902",
                        "9903",
                        "9664",
                        "9415",
                        "9904",
                        "9514",
                        "9906",
                        "9359",
                        "9493",
                        "9521",
                        "9533",
                        "9538",
                        "9689",
                        "9713",
                        "9449",
                        "9888",
                        "9490",
                        "9527",
                        "9529",
                        "9536",
                        "9545",
                        "9568",
                        "9610",
                        "9622",
                        "9643",
                        "9667",
                        "9676",
                        "9685",
                        "9686",
                        "9688",
                        "9715",
                        "9900",
                        "9371",
                        "9376",
                        "9907"
                    ]
                }
            },
            "allOf" : [
                {
                    "if" : {
                        "properties" : {
                            "codDomiciliado" : {
                                "const" : 1
                            }
                        }
                    },
                    "then" : {
                        "properties" : {
                            "direccion" : {
                                "type" : "object"
                            }
                        }
                    }
                },
                {
                    "if" : {
                        "properties" : {
                            "codDomiciliado" : {
                                "const" : 2
                            }
                        }
                    },
                    "then" : {
                        "properties" : {
                            "direccion" : {
                                "type" : "null"
                            },
                            "codActividad" : {
                                "trype":"null"
                            },
                            "descActividad" : {
                                "type" : "null"
                            }
                        }
                    }
                }
            ],
            "additionalProperties" : false,
            "required" : [
                "tipoDocumento",
                "numDocumento",
                "nombre",
                "codActividad",
                "descActividad",
                "direccion",
                "codDomiciliado",
                "codPais"
            ]
        },
        "otrosDocumentos" : {
            "description" : "Documentos Asociados",
            "type" : "array",
            "items" : {
                "type" : "object",
                "properties" : {
                    "codDocAsociado" : {
                        "type" : "integer",
                        "description" : "Documento asociado",
                        "enum" : [
                            1,
                            2
                        ]
                    },
                    "descDocumento" : {
                        "type" : "string",
                        "description" : "Identificación del documento asociado",
                        "maxLength" : 100
                    },
                    "detalleDocumento" : {
                        "type" : [
                            "string"
                        ],
                        "description" : "Descripción de documento asociado",
                        "maxLength" : 300
                    }
                },
                "additionalProperties" : false,
                "required" : [
                    "codDocAsociado",
                    "descDocumento",
                    "detalleDocumento"
                ]
            },
            "minItems" : 1,
            "maxItems" : 10
        },
        "cuerpoDocumento" : {
            "type" : "array",
            "description" : "Cuerpo del Documento",
            "items" : {
                "type" : "object",
                "properties" : {
                    "numItem" : {
                        "type" : "integer",
                        "description" : "N° de ítem",
                        "minimum" : 1,
                        "maximum" : 2000
                    },
                    "tipoDonacion" : {
                        "type" : "integer",
                        "description" : "Tipo donación",
                        "enum" : [
                            1,
                            2,
                            3
                        ]
                    },
                    "cantidad" : {
                        "type" : "number",
                        "description" : "Cantidad",
                        "exclusiveMaximum" : 100000000000.0,
                        "exclusiveMinimum" : 0,
                        "multipleOf" : 0.00000001
                    },
                    "codigo" : {
                        "description" : "Código",
                        "type" : [
                            "string",
                            "null"
                        ],
                        "maxLength" : 25,
                        "minLength" : 1
                    },
                    "uniMedida" : {
                        "type" : "integer",
                        "description" : "Unidad de Medida",
                        "enum" : [
                            1,
                            2,
                            3,
                            4,
                            5,
                            6,
                            8,
                            9,
                            10,
                            11,
                            12,
                            13,
                            14,
                            15,
                            16,
                            17,
                            18,
                            19,
                            20,
                            21,
                            22,
                            23,
                            24,
                            25,
                            26,
                            27,
                            29,
                            30,
                            31,
                            32,
                            33,
                            34,
                            35,
                            36,
                            37,
                            38,
                            39,
                            40,
                            42,
                            43,
                            44,
                            45,
                            46,
                            47,
                            49,
                            50,
                            51,
                            52,
                            53,
                            54,
                            55,
                            56,
                            57,
                            58,
                            59,
                            99
                        ]
                    },
                    "descripcion" : {
                        "type" : "string",
                        "description" : "Descripción",
                        "maxLength" : 1000,
                        "minLength" : 1
                    },
                    "depreciacion" : {
                        "type" : "number",
                        "description" : "Depreciación",
                        "exclusiveMaximum" : 100000000000.0,
                        "minimum" : 0,
                        "multipleOf" : 0.00000001
                    },
                    "valorUni" : {
                        "type" : "number",
                        "description" : "Valor Unitario",
                        "minimum" : 0,
                        "exclusiveMaximum" : 100000000000.0,
                        "multipleOf" : 0.00000001
                    },
                    "valor" : {
                        "type" : "number",
                        "description" : "Valor Donado",
                        "minimum" : 0,
                        "exclusiveMaximum" : 100000000000.0,
                        "multipleOf" : 0.00000001
                    }
                },
                "allOf" : [
                    {
                        "if" : {
                            "properties" : {
                                "tipoDonacion" : {
                                    "enum" : [
                                        1,
                                        3
                                    ]
                                }
                            }
                        },
                        "then" : {
                            "properties" : {
                                "depreciacion" : {
                                    "const" : 0
                                },
                                "uniMedida" : {
                                    "const" : 99
                                }
                            }
                        },
                        "else" : {
                            "properties" : {
                                "depreciacion" : {
                                    "minimum" : 0
                                }
                            }
                        }
                    }
                ],
                "additionalProperties" : false,
                "required" : [
                    "numItem",
                    "tipoDonacion",
                    "descripcion",
                    "cantidad",
                    "uniMedida",
                    "valor",
                    "valorUni",
                    "depreciacion"
                ]
            },
            "minItems" : 1,
            "maxItems" : 2000
        },
        "resumen" : {
            "type" : "object",
            "description" : "Resumen",
            "properties" : {
                "valorTotal" : {
                    "type" : "number",
                    "description" : "Total de la Donación",
                    "minimum" : 0,
                    "exclusiveMaximum" : 100000000000.0,
                    "multipleOf" : 0.01
                },
                "totalLetras" : {
                    "type" : "string",
                    "description" : "Total en Letras",
                    "maxLength" : 200
                },
                "pagos" : {
                    "description" : "Pagos",
                    "type" : [
                        "array",
                        "null"
                    ],
                    "items" : {
                        "type" : "object",
                        "properties" : {
                            "codigo" : {
                                "type" : [
                                    "string",
                                    "null"
                                ],
                                "description" : "Código de forma de pago",
                                "maxLength" : 2,
                                "pattern" : "^(0[1-9]||1[0-4]||99)$"
                            },
                            "montoPago" : {
                                "type" : "number",
                                "description" : "Monto por forma de pago",
                                "minimum" : 0,
                                "exclusiveMaximum" : 100000000000.0,
                                "multipleOf" : 0.01
                            },
                            "referencia" : {
                                "type" : [
                                    "string",
                                    "null"
                                ],
                                "description" : "Referencia de modalidad de pago",
                                "maxLength" : 50
                            }
                        },
                        "additionalProperties" : false,
                        "required" : [
                            "codigo",
                            "montoPago",
                            "referencia"
                        ]
                    },
                    "minItems" : 1
                }
            },
            "additionalProperties" : false,
            "required" : [
                "valorTotal",
                "totalLetras",
                "pagos"
            ]
        },
        "apendice" : {
            "description" : "Apéndice",
            "type" : [
                "array",
                "null"
            ],
            "items" : {
                "type" : "object",
                "properties" : {
                    "campo" : {
                        "type" : "string",
                        "description" : "Nombre del campo",
                        "maxLength" : 25,
                        "minLength" : 2
                    },
                    "etiqueta" : {
                        "type" : "string",
                        "description" : "Descripción",
                        "maxLength" : 50,
                        "minLength" : 3
                    },
                    "valor" : {
                        "type" : "string",
                        "description" : "Valor/Dato",
                        "maxLength" : 150,
                        "minLength" : 1
                    }
                },
                "additionalProperties" : false,
                "required" : [
                    "campo",
                    "etiqueta",
                    "valor"
                ]
            },
            "minItems" : 1,
            "maxItems" : 10
        }
    },
    "allOf" : [
        {
            "if" : {
                "properties" : {
                    "tipoDonacion" : {
                        "enum" : [
                            1
                        ]
                    }
                }
            },
            "then" : {
                "properties" : {
                    "codigo" : {
                        "type" : "string"
                    },
                    "referencia" : {
                        "type" : "string"
                    }
                }
            }
        }
    ],
    "additionalProperties" : false,
    "required" : [
        "identificacion",
        "donante",
        "donatario",
        "cuerpoDocumento",
        "resumen",
        "otrosDocumentos",
        "apendice"
    ]
}